{
  "timestamp": "2025-11-25 09:10:05.495786",
  "method": "Multi-Feature Time Series Forecasting + ML",
  "total_predictions": 40,
  "years_predicted": [
    2021,
    2022,
    2023,
    2024,
    2025
  ],
  "provinces": [
    "Aceh",
    "Bengkulu",
    "Jambi",
    "Lampung",
    "Riau",
    "Sumatera Barat",
    "Sumatera Selatan",
    "Sumatera Utara"
  ],
  "total_predicted_production_ton": 54568689.53829719,
  "avg_predicted_production_ton": 1364217.2384574297,
  "feature_ranges": {
    "curah_hujan_mm": {
      "min": 500.0,
      "max": 500.0,
      "mean": 500.0
    },
    "kelembapan_persen": {
      "min": 68.10503814120113,
      "max": 90.15373770716094,
      "mean": 80.8463071253324
    },
    "suhu_celcius": {
      "min": 22.836525449687443,
      "max": 27.98928067819362,
      "mean": 25.330190239478714
    },
    "luas_panen_ha": {
      "min": 74089.56391618268,
      "max": 807800.8242581418,
      "mean": 347984.6846007686
    }
  },
  "predictions_by_province": {
    "Aceh": {
      "total_production_ton": 7908325.606936783,
      "avg_production_ton": 1581665.1213873564,
      "avg_productivity_ton_per_ha": 4.5280129944378364,
      "avg_curah_hujan_mm": 500.0,
      "avg_kelembapan_persen": 79.69966687777794,
      "avg_suhu_celcius": 24.967939962543056
    },
    "Bengkulu": {
      "total_production_ton": 2727245.760118205,
      "avg_production_ton": 545449.152023641,
      "avg_productivity_ton_per_ha": 5.89759841858207,
      "avg_curah_hujan_mm": 500.0,
      "avg_kelembapan_persen": 80.36396953377815,
      "avg_suhu_celcius": 25.638769797380654
    },
    "Jambi": {
      "total_production_ton": 2517072.4090641327,
      "avg_production_ton": 503414.48181282653,
      "avg_productivity_ton_per_ha": 5.657682345403779,
      "avg_curah_hujan_mm": 500.0,
      "avg_kelembapan_persen": 79.91394864179286,
      "avg_suhu_celcius": 25.023091972582097
    },
    "Lampung": {
      "total_production_ton": 9995079.979680441,
      "avg_production_ton": 1999015.9959360883,
      "avg_productivity_ton_per_ha": 3.558538837038627,
      "avg_curah_hujan_mm": 500.0,
      "avg_kelembapan_persen": 73.86918703473034,
      "avg_suhu_celcius": 24.449891284436376
    },
    "Riau": {
      "total_production_ton": 2163549.85615512,
      "avg_production_ton": 432709.97123102396,
      "avg_productivity_ton_per_ha": 5.490527952009934,
      "avg_curah_hujan_mm": 500.0,
      "avg_kelembapan_persen": 84.9126811649887,
      "avg_suhu_celcius": 25.372182519012267
    },
    "Sumatera Barat": {
      "total_production_ton": 6818113.321877889,
      "avg_production_ton": 1363622.6643755778,
      "avg_productivity_ton_per_ha": 3.935709649288353,
      "avg_curah_hujan_mm": 500.0,
      "avg_kelembapan_persen": 83.25200790524184,
      "avg_suhu_celcius": 25.835465139662624
    },
    "Sumatera Selatan": {
      "total_production_ton": 13134099.930374682,
      "avg_production_ton": 2626819.9860749366,
      "avg_productivity_ton_per_ha": 3.345249809532086,
      "avg_curah_hujan_mm": 500.0,
      "avg_kelembapan_persen": 81.44173506547591,
      "avg_suhu_celcius": 25.923523700218418
    },
    "Sumatera Utara": {
      "total_production_ton": 9305202.674089935,
      "avg_production_ton": 1861040.534817987,
      "avg_productivity_ton_per_ha": 3.868891368888611,
      "avg_curah_hujan_mm": 500.0,
      "avg_kelembapan_persen": 83.31726077887352,
      "avg_suhu_celcius": 25.43065753999421
    }
  }
}