{
  "Linear Regression": {
    "model_name": "Linear Regression",
    "r2_score": 0.9333536349790523,
    "rmse": 362614.995487611,
    "mae": 297235.0918463527,
    "mape": 30.345941554017976,
    "cv_r2_mean": -0.14996610078357905,
    "cv_r2_std": 2.075173538305111
  },
  "Random Forest": {
    "model_name": "Random Forest",
    "r2_score": 0.8531408547686404,
    "rmse": 538279.7278958114,
    "mae": 377553.5881388574,
    "mape": 25.061765750585767,
    "cv_r2_mean": 0.2864464122875738,
    "cv_r2_std": 0.41989817832883464
  },
  "Gradient Boosting": {
    "model_name": "Gradient Boosting",
    "r2_score": 0.8394333309273547,
    "rmse": 562840.3509686695,
    "mae": 402605.06504978985,
    "mape": 27.447671291367303,
    "cv_r2_mean": 0.09002322036587555,
    "cv_r2_std": 0.7113575948094275
  },
  "XGBoost": {
    "model_name": "XGBoost",
    "r2_score": 0.8156250988870939,
    "rmse": 603126.5215634971,
    "mae": 442425.85402777774,
    "mape": 34.438514999785575,
    "cv_r2_mean": 0.41463731619617744,
    "cv_r2_std": 0.5633586916493138
  }
}