{
  "Linear Regression": {
    "model_name": "Linear Regression",
    "r2_score": 0.9319718923205056,
    "rmse": 364338.59622799174,
    "mae": 298706.393732757,
    "mape": 30.74815138384116,
    "cv_r2_mean": -0.14996610078357905,
    "cv_r2_std": 2.075173538305111
  },
  "Random Forest": {
    "model_name": "Random Forest",
    "r2_score": 0.8641832677167032,
    "rmse": 514798.91638232704,
    "mae": 354525.97788900114,
    "mape": 25.291532128634714,
    "cv_r2_mean": 0.2864464122875738,
    "cv_r2_std": 0.41989817832883464
  },
  "Gradient Boosting": {
    "model_name": "Gradient Boosting",
    "r2_score": 0.8561575004475455,
    "rmse": 529791.0240888903,
    "mae": 376171.9123211591,
    "mape": 27.128089530034156,
    "cv_r2_mean": 0.09002322036587555,
    "cv_r2_std": 0.7113575948094275
  },
  "XGBoost": {
    "model_name": "XGBoost",
    "r2_score": 0.7804379460091537,
    "rmse": 654545.1782012056,
    "mae": 486029.6279166667,
    "mape": 40.914991098762464,
    "cv_r2_mean": 0.41463731619617744,
    "cv_r2_std": 0.5633586916493138
  }
}